F-1,F0,A0,C1,D1,G1,A1,A♯1,C2,C♯2,D2,E2,F2,F♯2,G2,G♯2,A2,A♯2,B2,C3,C♯3,D3,D♯3,E3,F3,F♯3,G3,G♯3,A3,A♯3,B3,C4,C♯4,D4,D♯4,E4,F4,F♯4,G4,G♯4,A4,A♯4,B4,C5,C♯5,D5,D♯5,E5,F5,F♯5,G5,G♯5,A5,A♯5,B5,C6,C♯6,D6,D♯6,E6,F6,F♯6,G6,G♯6,A6,A♯6,C7,D♯7
0,0,0,0,0,0,0,0,0,0,0,0,0,0,0,0,0,0,0,0,0,0,0,0,0,0,0,0,0,0,0,0,0,0,0,0,0,0,0,0,0,0,0,0,0,0,0,0,0,0,0,0,0,0,0,0,0,0,0,0,0,0,0,0,0,0,0,0
0,0,0,0,0,0,0,0,0,0,0,0,0,0,0,0,0,0,0,0,0,0,0,0,0,0,0,0,0,0,0,0,0,0,0,0,0,0,0,0,0,22.58,0,0,0,0,0,0,0,0,0,0,0,0,0,0,0,0,0,0,0,0,0,0,0,0,0,0
0,0,0,0,0,0,0,0,0,0,0,0,0,0,0,0,0,0,0,0,0,0,0,0,0,0,0,0,0,0,0,0,0,0,0,0,0,0,0,0,0,25.88,16.65,0,0,0,0,0,0,0,0,0,0,36.73,0,0,0,0,0,0,13.34,0,0,0,0,0,0,0
0,0,0,0,0,0,0,0,0,0,0,0,0,0,0,0,0,0,0,0,0,0,0,0,0,0,0,0,0,0,0,0,0,0,0,0,0,0,0,0,0,14.30,0,0,0,0,0,0,0,0,0,0,0,25.16,0,0,0,0,0,0,13.95,0,0,0,0,0,0,0
0,0,0,0,0,0,0,0,0,0,0,0,0,0,0,0,0,0,0,0,0,0,0,0,0,0,0,0,0,0,0,0,0,0,0,0,0,0,0,0,0,51.43,0,0,0,0,0,0,0,0,0,0,0,0,0,0,0,0,0,0,0,0,0,0,0,0,0,0
0,0,0,0,0,0,0,0,0,0,0,0,0,0,0,0,0,0,0,0,0,0,0,0,0,0,0,0,0,0,0,0,0,0,0,0,0,0,0,0,0,44.02,0,0,0,0,0,0,0,0,0,0,0,0,0,0,0,0,0,0,0,0,0,0,0,0,0,0
0,0,0,0,0,0,0,0,0,0,15.04,0,0,0,0,0,0,0,0,0,0,0,0,0,0,0,0,0,0,0,0,0,0,0,0,0,0,0,12.20,0,0,23.94,0,0,0,0,0,0,0,0,111.46,10.67,0,0,0,0,0,0,0,0,0,0,21.32,0,0,0,0,0
0,0,0,0,0,0,0,0,0,0,0,23.42,0,0,0,0,0,0,0,0,0,0,0,0,0,0,0,0,0,0,0,0,0,0,11.62,0,0,0,15.23,0,0,20.62,0,0,0,0,0,0,0,0,88.32,0,0,0,0,0,0,0,0,0,0,0,14.39,0,0,0,0,0
0,0,0,0,0,0,0,0,0,0,24.16,0,0,0,0,0,0,0,0,0,0,0,0,0,0,0,0,0,0,0,0,0,0,0,12.61,0,0,0,12.14,0,0,25.22,0,0,0,0,0,0,0,0,50.34,0,0,0,0,0,0,0,0,0,0,0,0,0,0,0,0,0
0,0,0,0,0,0,0,0,0,0,23.25,0,0,0,0,0,0,0,0,0,0,0,0,0,0,0,0,0,0,0,0,0,0,0,0,0,0,0,11.35,0,0,24.67,0,0,0,0,0,0,0,0,35.88,0,0,0,0,0,0,0,0,0,0,0,0,0,0,0,0,0
0,0,0,0,0,0,0,0,0,0,22.77,0,0,0,0,0,0,0,0,0,0,0,0,0,0,0,0,0,0,0,0,0,0,0,19.30,0,0,0,0,0,0,17.70,0,0,0,0,0,0,0,0,15.18,0,0,0,0,0,0,0,0,0,0,0,0,0,0,0,0,0
0,0,0,0,0,0,0,0,0,0,20.29,0,0,0,0,0,0,0,0,0,0,0,0,0,0,0,10.24,0,0,0,0,0,0,0,48.14,0,0,0,27.53,0,0,14.60,0,0,0,17.93,0,0,0,0,0,0,0,0,0,0,0,0,0,0,0,0,0,0,0,0,0,0
0,0,0,0,0,0,0,0,0,0,19.99,0,0,0,0,0,0,0,0,0,0,0,0,0,0,0,0,0,0,0,0,0,0,0,53.35,0,0,0,19.44,0,0,14.30,0,0,0,13.89,0,0,0,0,0,0,0,0,0,0,0,0,0,0,0,0,0,0,0,0,0,0
0,0,0,0,0,0,0,0,0,0,16.82,0,0,0,0,0,0,0,0,0,0,0,0,0,0,0,11.46,0,0,0,0,0,0,0,52.49,0,0,0,0,0,0,11.06,0,0,0,0,10.26,0,0,0,0,0,0,0,0,0,0,0,0,0,0,0,0,0,0,0,0,0
0,0,0,0,0,0,0,0,0,0,15.11,0,0,0,0,0,0,0,0,0,0,0,0,0,0,0,13.96,0,0,0,0,0,0,12.32,85.23,10.20,0,0,41.60,0,0,11.01,0,0,0,0,0,0,0,0,0,0,0,0,0,0,0,0,0,0,0,0,0,0,0,0,0,0
0,0,0,0,0,0,0,0,0,0,14.21,0,0,0,0,0,0,0,0,0,0,0,0,0,0,0,13.20,0,0,0,0,0,0,0,86.23,0,0,0,85.35,0,0,0,0,0,0,0,0,0,0,0,0,0,0,0,0,0,0,0,0,0,0,0,0,0,0,0,0,0
0,0,0,0,0,0,0,0,0,0,11.90,0,0,0,0,0,0,0,0,0,0,0,0,0,0,0,14.10,0,0,0,0,0,0,0,84.53,0,0,0,65.33,0,0,0,0,0,0,0,0,0,0,0,0,0,0,0,0,0,0,0,0,0,0,0,0,0,0,0,0,0
0,0,0,0,0,0,0,0,0,0,0,11.07,0,0,0,0,0,0,0,0,0,0,22.01,0,0,0,12.26,0,0,0,0,0,0,0,31.34,0,0,0,42.67,0,0,0,0,0,0,0,18.60,0,0,0,0,0,0,0,0,0,0,0,0,0,0,0,0,0,0,0,0,0
0,0,0,0,0,0,0,0,0,0,0,0,0,0,0,0,0,0,18.76,0,0,0,127.73,12.01,0,0,12.18,0,0,0,0,0,0,33.21,57.14,0,0,0,20.26,0,0,0,0,0,0,0,54.16,0,0,0,19.78,0,0,0,0,0,14.18,0,0,0,0,0,0,0,0,0,0,0
0,0,0,0,0,0,0,0,0,0,0,0,0,0,0,0,0,0,0,0,0,0,122.84,0,0,0,0,0,0,0,0,0,0,0,114.81,0,0,0,14.56,0,0,0,0,0,0,0,47.88,0,0,0,11.67,0,0,10.44,0,0,14.53,0,0,0,0,0,0,0,0,0,0,0
0,0,0,0,0,0,0,0,0,0,0,0,0,0,0,0,0,0,0,0,0,0,117.97,0,0,0,0,0,0,0,0,0,0,10.11,77.24,0,0,0,0,0,0,0,0,0,0,0,39.88,0,0,0,0,0,0,14.17,0,0,14.04,0,0,0,0,0,0,0,0,0,0,0
0,0,0,0,0,0,0,0,0,0,0,0,0,0,0,0,0,0,10.09,0,0,15.04,95.08,0,10.47,16.55,0,63.35,11.86,0,10.85,10.17,21.24,151.78,46.09,11.25,10.53,0,13.31,116.40,17.42,0,0,0,15.49,59.63,20.43,25.61,212.16,21.08,0,14.68,0,11.47,0,0,12.74,0,0,0,56.85,0,0,0,0,0,0,0
0,0,0,0,0,0,0,0,0,0,0,0,0,0,0,12.55,0,0,11.28,0,0,0,80.84,0,0,0,0,86.85,0,0,0,0,0,157.13,40.00,0,0,0,0,133.70,0,0,0,0,0,74.36,15.89,20.11,27.69,18.09,0,24.50,0,0,0,0,10.84,0,0,0,62.79,0,0,0,0,0,0,0
0,0,0,0,0,0,0,0,0,0,0,0,0,0,0,0,0,12.99,0,0,0,0,74.65,0,0,0,19.15,61.40,0,0,0,0,0,57.08,54.90,0,0,0,13.69,86.34,0,0,0,0,0,25.09,15.21,0,26.35,0,0,18.88,0,0,0,0,0,0,0,0,23.49,0,0,0,0,0,0,0
0,0,0,0,0,0,0,0,0,0,0,0,0,0,0,0,0,0,0,15.04,0,0,58.75,0,0,11.87,0,56.41,0,0,15.25,0,32.88,248.64,18.01,12.31,0,13.72,10.66,80.09,11.84,12.09,0,0,15.93,70.63,0,12.59,29.10,20.89,344.94,41.09,11.57,0,0,0,0,0,0,0,20.24,0,40.70,0,0,0,0,0
0,0,0,0,0,0,0,0,0,0,0,0,0,0,0,0,0,0,0,13.29,0,10.17,25.90,0,0,0,0,56.35,0,0,0,14.38,0,286.34,37.09,15.14,0,0,10.87,81.57,0,0,0,0,0,102.23,11.20,0,53.45,13.64,18.24,54.05,0,0,0,0,0,10.35,0,0,0,0,17.68,0,0,0,0,0
0,0,0,0,0,0,0,0,0,0,0,0,0,0,0,0,0,0,0,10.78,0,0,22.89,0,0,0,15.83,52.72,0,0,0,0,0,81.52,27.39,12.45,0,0,0,61.88,0,0,0,0,0,43.36,11.03,0,30.78,0,186.31,34.54,0,0,0,0,0,0,0,0,0,0,14.02,0,0,0,0,0
0,0,0,0,0,0,0,0,0,0,0,0,0,0,0,0,0,0,11.17,11.38,0,12.61,22.41,0,0,0,0,51.82,0,0,10.17,10.60,0,73.51,0,0,0,0,0,37.06,0,13.16,0,0,14.42,10.62,15.53,21.54,93.96,10.61,70.65,28.39,0,0,0,0,0,0,0,0,0,0,0,0,0,0,0,0
0,0,0,0,0,0,0,0,0,0,43.74,0,0,0,0,0,0,0,12.68,20.47,0,14.30,21.94,0,10.45,0,0,35.29,16.90,13.87,13.95,15.26,0,51.96,32.83,0,0,0,40.81,19.60,0,11.06,0,0,28.90,21.52,17.05,40.29,209.00,34.46,31.65,18.33,0,0,0,0,0,0,0,0,24.59,0,0,0,0,0,0,0
0,0,10.20,0,0,0,0,0,0,0,0,51.66,0,0,0,0,0,0,0,0,0,0,19.83,0,0,0,0,0,0,13.96,0,0,0,18.12,31.83,0,0,0,37.90,0,0,22.99,0,0,25.70,15.60,0,15.33,228.07,0,0,0,0,0,0,0,0,0,0,0,16.94,0,0,0,0,0,0,0
0,0,0,0,0,0,0,0,0,0,59.40,0,0,0,0,0,0,0,0,0,0,0,0,0,0,0,0,0,0,0,0,0,0,14.98,29.34,0,0,0,27.57,0,0,17.13,0,0,23.77,11.16,0,0,166.08,0,13.06,0,0,0,0,0,0,0,0,0,10.12,0,0,0,0,0,0,0
0,0,0,0,0,0,0,0,0,0,55.36,0,0,0,0,0,0,0,0,0,0,0,11.81,0,0,0,0,0,0,15.01,0,0,0,0,29.11,0,0,0,16.38,0,0,14.80,0,0,17.38,12.08,0,0,91.13,0,0,0,0,0,0,0,0,0,0,0,0,0,0,0,0,0,0,0
0,0,0,0,0,0,0,0,0,0,53.55,0,0,0,0,0,0,0,0,0,0,0,15.50,0,0,0,13.10,0,0,0,0,0,0,0,57.83,12.37,0,0,37.07,0,0,0,0,0,12.76,28.25,13.86,0,56.14,0,0,0,0,0,0,0,0,0,0,0,0,0,0,0,0,0,0,0
0,0,0,0,0,0,0,0,0,0,51.26,0,0,0,0,0,0,0,0,0,0,0,14.49,0,0,0,10.95,0,0,0,0,0,0,0,66.57,0,0,0,29.36,0,0,0,0,0,10.97,19.29,15.83,0,31.10,0,0,0,0,0,0,0,0,0,0,0,0,0,0,0,0,0,0,0
0,0,0,0,0,0,0,0,0,0,44.36,0,0,0,0,0,0,0,0,0,0,0,18.34,0,0,0,18.74,0,0,0,0,0,0,0,77.87,0,0,0,11.86,0,0,0,0,0,0,0,0,0,30.47,0,0,0,0,0,0,0,0,0,0,0,0,0,0,0,0,0,0,0
0,0,0,0,0,0,0,0,0,0,39.71,0,0,0,0,0,0,0,0,0,0,0,14.96,0,0,0,16.03,0,0,0,0,0,0,0,107.56,0,0,0,59.39,0,0,0,0,0,0,0,11.66,0,20.81,0,0,0,0,0,0,0,0,0,0,0,0,0,0,0,0,0,0,0
0,0,0,0,0,0,0,0,0,0,36.49,0,0,0,0,0,0,0,0,0,0,0,13.28,0,0,0,20.02,0,0,0,0,0,0,0,94.79,0,0,0,85.01,0,0,0,0,0,0,0,18.45,0,18.76,0,0,0,0,0,0,0,0,0,0,0,0,0,0,0,0,0,0,0
0,0,0,0,0,0,0,0,0,0,32.80,0,0,0,0,0,0,0,0,0,0,0,11.25,0,0,0,17.86,0,0,0,0,0,0,0,85.81,0,0,0,55.22,0,0,0,0,0,0,0,18.35,0,14.00,0,0,0,0,0,0,0,0,0,0,0,0,0,0,0,0,0,0,0
0,0,0,0,0,0,0,0,0,0,35.55,0,0,0,0,0,0,0,0,0,0,42.35,0,0,0,13.39,22.65,0,0,0,0,0,0,17.28,58.49,0,0,0,33.15,0,15.74,0,0,0,0,14.81,121.47,0,12.44,0,0,0,0,0,0,0,0,0,0,0,0,0,0,0,0,0,0,0
0,0,0,0,0,0,0,0,0,0,32.77,0,0,0,0,0,0,0,0,15.82,0,59.26,0,0,0,0,14.83,0,32.54,0,0,0,0,13.64,32.11,0,0,18.02,19.37,0,26.16,0,0,0,0,0,157.10,0,12.87,0,0,0,0,0,0,0,0,0,0,0,0,0,0,0,0,0,0,0
0,0,0,0,0,0,0,0,0,0,45.37,0,0,0,0,0,0,0,0,0,0,39.33,0,0,0,0,13.71,0,30.81,0,0,0,0,0,16.03,0,0,22.58,0,0,22.79,0,0,0,0,0,104.30,0,10.12,0,0,0,0,0,0,0,0,0,0,0,0,0,0,0,0,0,0,0
0,0,0,0,0,0,0,0,0,0,18.45,0,0,0,0,0,0,0,0,0,0,16.72,0,0,0,0,15.32,0,34.65,0,0,0,0,0,29.03,0,0,26.46,12.42,0,19.00,0,0,0,0,0,38.16,0,12.99,0,0,0,0,0,0,0,0,0,0,0,0,0,0,0,0,0,0,0
0,0,0,0,0,0,0,0,0,0,0,16.75,0,0,0,0,0,0,0,0,0,21.48,0,0,0,0,20.81,0,34.62,0,0,0,0,10.33,73.91,0,0,25.82,27.83,0,17.24,0,0,0,0,16.71,28.27,0,11.56,0,0,0,0,0,0,0,0,0,0,0,0,0,0,0,0,0,0,0
0,0,0,0,0,0,0,0,0,0,27.15,0,0,0,0,0,0,0,0,0,0,15.91,0,0,0,0,17.33,0,25.53,0,0,0,0,0,83.26,0,0,23.45,14.54,0,18.63,0,0,0,0,11.48,16.09,0,10.57,0,0,0,0,0,0,0,0,0,0,0,0,0,0,0,0,0,0,0
0,0,0,0,0,0,0,0,0,0,0,13.34,0,0,0,0,0,0,0,0,0,0,0,0,0,0,20.45,0,20.94,0,0,0,0,0,69.00,0,0,23.10,0,0,17.39,0,0,0,0,0,0,0,0,0,0,0,0,0,0,0,0,0,0,0,0,0,0,0,0,0,0,0
0,0,0,0,0,0,0,0,0,0,17.43,0,0,0,0,0,0,0,0,0,0,0,0,0,0,0,21.16,0,23.38,0,11.07,14.29,15.06,20.81,114.78,0,11.07,20.10,51.56,15.97,24.77,69.36,13.83,11.58,0,0,11.92,0,0,0,0,0,0,23.74,0,0,0,0,0,0,0,0,0,0,0,0,0,0
0,0,0,0,0,0,0,0,0,0,16.50,0,0,0,0,0,0,0,0,0,0,0,0,0,0,0,22.14,0,11.63,0,0,10.53,0,10.98,137.16,0,0,20.94,137.81,10.38,12.60,95.79,10.44,0,0,0,20.37,0,0,0,0,0,0,38.86,0,0,0,0,0,0,15.53,0,0,0,0,0,0,0
0,0,0,0,0,0,0,0,0,0,14.32,0,0,0,0,0,0,0,0,0,0,0,0,0,0,0,22.84,0,13.58,0,0,0,0,0,139.66,0,0,18.53,113.49,0,0,63.71,0,0,0,0,13.97,0,0,0,0,0,0,14.72,0,0,0,0,0,0,10.87,0,0,0,0,0,0,0
0,0,0,0,0,0,0,0,0,0,11.65,0,0,0,0,0,0,0,0,0,0,0,0,0,0,0,22.29,0,15.59,0,0,0,0,0,105.80,0,0,19.08,87.27,0,0,55.78,0,0,0,0,13.34,0,0,0,0,0,0,0,0,0,0,0,0,0,0,0,0,0,0,0,0,0
0,0,0,0,0,0,0,0,0,0,24.92,0,0,0,14.54,0,0,0,0,47.08,0,0,0,13.20,0,0,30.73,0,11.17,0,0,13.36,0,0,81.23,10.39,0,0,58.70,0,0,25.63,0,0,0,0,16.21,12.35,14.47,19.65,190.98,17.69,0,0,0,0,0,0,0,0,0,0,25.88,0,0,0,0,0
0,0,0,0,0,0,0,0,37.01,0,0,0,18.45,0,0,15.43,0,0,0,179.75,0,0,0,14.41,0,19.95,45.82,0,0,0,0,28.26,0,0,44.26,27.50,0,11.15,62.12,0,0,18.63,0,0,0,0,11.35,10.67,0,11.20,302.90,10.11,14.93,0,0,0,0,0,0,0,0,0,22.05,0,0,0,0,0
0,0,0,0,0,0,0,0,35.30,0,0,0,10.79,0,10.23,0,15.76,0,0,153.09,0,18.32,0,10.26,0,0,30.10,0,0,0,0,25.07,0,0,25.48,35.51,0,0,51.68,0,0,16.68,0,0,0,0,0,10.59,0,0,151.60,0,17.82,0,0,0,0,0,0,0,0,0,17.26,0,0,0,0,0
0,0,0,0,0,0,0,0,36.88,0,0,0,0,0,0,0,0,0,0,131.82,0,0,0,0,0,0,27.57,0,0,0,0,24.02,0,0,18.99,44.40,0,0,47.78,0,0,18.73,0,0,0,0,0,10.66,0,0,78.62,0,11.36,0,0,0,0,0,0,0,0,0,0,0,0,0,0,0
0,0,0,0,0,0,0,0,36.96,0,0,0,0,0,0,0,10.19,0,0,84.27,0,0,0,0,0,0,29.06,0,0,0,0,39.90,0,10.76,28.97,36.78,0,12.49,45.82,0,0,14.80,0,0,0,16.28,0,0,0,0,31.75,0,0,0,0,0,0,0,0,0,0,0,0,0,0,0,0,0
0,0,0,0,0,0,0,0,28.17,0,0,0,0,0,0,0,0,0,0,47.75,0,0,0,0,0,0,34.12,0,0,0,0,32.10,0,0,24.75,47.73,12.96,0,69.38,11.58,0,13.61,0,0,0,39.57,0,19.00,0,0,31.17,0,0,0,0,0,0,0,0,0,0,0,0,0,0,0,0,0
0,0,0,0,0,0,0,0,22.17,0,0,0,0,0,0,0,0,0,0,49.19,0,0,0,0,0,0,34.10,0,0,0,0,29.26,0,0,12.03,61.24,10.13,0,48.60,0,0,0,0,0,0,26.49,0,18.66,0,0,14.72,0,0,0,0,0,0,0,0,0,0,0,0,0,0,0,0,0
0,0,0,0,0,0,0,0,13.50,0,0,0,0,0,0,0,0,0,0,34.27,0,0,0,0,0,0,39.23,0,0,0,0,30.32,0,0,0,53.08,0,0,43.19,0,0,0,0,26.28,0,0,0,15.68,0,0,0,0,0,0,0,0,0,0,0,0,0,0,0,0,0,0,0,0
0,0,0,0,0,0,0,0,10.44,0,0,0,0,0,0,0,0,0,0,24.06,0,0,0,0,0,0,35.73,0,0,0,0,30.26,0,0,0,11.71,0,0,42.05,0,0,0,16.58,39.19,189.86,13.65,0,0,0,0,0,0,0,0,0,11.56,14.15,0,0,0,0,0,0,0,0,0,0,0
0,0,0,0,0,0,0,0,10.86,0,0,0,0,0,0,0,0,0,0,16.08,0,0,0,0,0,15.65,33.58,0,0,0,0,20.70,13.30,13.49,15.87,40.77,0,0,17.51,12.16,0,23.03,20.43,223.30,326.43,23.73,17.50,11.11,10.17,0,0,0,0,0,10.95,27.17,25.80,0,0,0,0,0,0,0,0,0,0,0
0,0,0,0,0,0,0,0,13.95,0,0,0,0,0,0,0,0,0,0,18.98,0,0,0,0,0,0,27.93,0,13.65,0,10.16,25.23,27.06,14.26,12.00,49.29,0,11.17,16.61,14.47,19.69,79.46,177.58,427.63,314.19,21.86,18.68,12.46,0,0,0,0,0,0,50.81,11.70,15.53,0,0,0,0,11.53,30.69,0,0,0,26.02,0
0,0,0,0,0,0,0,0,12.93,0,10.37,0,0,0,0,25.68,0,30.79,0,75.77,0,41.94,24.97,18.07,11.61,0,22.66,0,14.08,0,0,37.06,0,20.32,18.24,28.11,0,12.31,54.58,12.85,16.77,38.98,152.05,489.21,214.97,10.99,12.38,10.83,0,0,0,0,12.32,12.85,10.03,12.60,11.00,0,0,0,0,0,34.20,0,0,0,44.92,0
0,0,10.78,0,0,0,0,0,0,0,0,0,0,20.11,0,0,0,0,0,180.86,0,0,0,0,18.40,13.64,17.47,0,0,11.49,19.13,43.46,0,11.39,0,25.13,0,12.59,109.90,0,0,17.38,15.72,205.90,125.42,11.20,0,29.31,0,0,0,0,0,16.69,12.91,11.97,0,0,0,0,0,0,14.67,0,0,0,10.51,0
0,0,0,0,0,0,0,0,0,0,0,14.08,0,0,0,19.05,0,0,0,255.83,0,0,0,0,13.00,16.36,0,0,11.25,0,0,41.73,0,12.29,0,10.30,0,0,130.16,0,0,0,12.53,109.53,37.16,0,0,26.64,0,0,0,0,0,17.73,0,40.87,0,0,0,0,0,0,0,0,0,0,0,0
0,0,15.42,0,0,0,0,0,0,0,12.43,0,20.10,0,0,29.55,0,0,0,312.84,0,0,0,0,0,10.29,0,0,0,10.30,0,23.98,0,0,0,11.27,0,0,110.67,0,0,0,20.24,77.75,0,0,0,22.23,0,0,0,0,0,16.23,0,12.20,0,0,0,0,0,0,0,0,0,0,0,0
0,0,0,0,0,0,0,0,0,0,11.29,0,0,0,0,0,0,0,0,328.75,0,0,0,0,22.61,0,33.25,15.90,0,0,11.69,29.36,11.69,0,0,59.17,0,13.96,34.08,16.14,0,0,15.52,39.00,0,56.91,0,24.84,0,0,0,0,0,11.73,11.27,10.63,0,0,0,0,12.86,0,0,0,0,0,0,0
0,10.42,0,0,0,11.22,0,0,0,12.03,0,0,0,19.74,0,0,0,0,0,304.40,0,0,0,14.42,0,0,18.48,0,0,0,0,32.57,0,0,0,26.22,10.51,0,24.37,0,0,0,0,40.94,0,50.42,0,29.16,0,0,0,0,0,10.62,17.21,0,0,10.06,0,0,11.89,0,0,0,0,0,0,0
0,0,0,0,0,0,0,0,0,0,0,0,0,0,0,0,0,0,0,220.46,0,0,0,14.48,12.15,0,43.37,0,0,0,61.51,85.49,0,0,0,60.51,43.96,0,56.66,0,0,26.43,0,38.07,12.26,28.15,0,23.62,16.97,26.51,106.87,12.00,0,12.53,13.99,14.67,0,0,0,0,0,0,15.30,0,0,0,0,0
0,0,0,0,0,0,0,0,0,0,13.47,0,0,0,0,0,0,0,0,169.92,0,0,0,0,0,0,38.42,27.46,15.90,0,54.38,262.39,16.08,20.05,0,111.52,18.12,0,53.76,0,0,22.22,18.06,44.55,11.88,18.83,0,21.49,11.98,19.96,352.99,26.78,0,24.38,11.11,16.93,0,0,0,12.00,0,0,32.97,0,0,0,0,0
0,0,0,0,0,0,0,0,0,0,0,10.21,0,0,0,0,0,0,0,149.49,0,0,0,0,0,0,41.38,0,0,19.65,0,143.05,0,20.27,13.27,42.73,16.33,0,39.87,0,0,47.89,0,25.89,0,0,0,13.78,0,11.05,167.19,0,0,16.37,0,0,0,0,0,11.47,0,0,12.84,0,0,0,0,0
0,0,0,0,0,0,0,0,0,0,0,0,0,0,0,0,0,0,0,153.68,0,0,0,0,0,0,34.43,0,12.04,0,20.55,32.13,0,0,10.96,50.82,10.45,0,32.19,0,0,36.02,0,22.53,0,0,0,11.10,0,0,77.91,0,0,0,0,19.49,0,0,0,0,0,0,0,0,0,0,0,0
0,0,0,0,0,0,0,0,0,0,0,0,33.90,0,0,30.91,0,0,0,176.72,0,24.81,0,33.49,28.07,0,41.41,0,0,0,16.48,106.45,11.62,0,15.40,32.76,41.76,12.32,35.34,0,11.54,27.44,10.65,26.28,10.47,0,0,10.13,0,0,30.53,0,19.84,30.04,11.94,21.19,0,0,0,0,0,0,0,0,0,10.81,0,0
0,0,0,0,0,0,0,0,0,0,0,0,80.65,0,0,28.40,0,0,0,171.74,0,0,24.30,0,41.24,0,30.92,0,14.42,19.18,0,138.37,0,13.51,10.90,44.67,47.69,0,31.76,0,15.17,18.80,0,46.27,0,0,13.29,12.00,0,0,26.44,0,11.78,21.08,0,0,0,0,0,0,0,0,0,0,0,0,0,0
0,0,0,0,0,0,0,0,0,0,0,0,112.24,0,0,0,18.22,0,0,109.19,0,0,0,0,62.69,0,26.86,0,14.86,16.82,0,128.33,0,14.15,0,40.32,64.35,0,13.78,0,15.96,11.29,0,29.85,0,0,0,0,0,0,13.86,0,11.21,131.78,0,0,0,0,0,0,0,0,0,0,0,0,0,0
0,0,0,0,0,0,0,0,0,0,0,0,109.68,0,0,0,0,0,0,48.78,0,0,0,0,85.82,0,18.07,0,16.59,0,0,104.80,0,0,0,28.30,46.33,0,0,0,14.11,0,0,26.63,12.64,0,10.37,0,0,0,10.73,0,0,43.50,0,0,0,0,0,0,0,0,0,0,0,0,0,0
0,0,0,0,0,0,0,0,0,0,0,0,108.30,0,0,0,0,0,0,20.41,0,0,0,23.11,32.49,0,15.98,0,0,0,17.97,70.82,153.22,11.91,0,17.05,100.29,0,0,0,14.16,0,0,40.92,69.60,0,12.19,0,12.23,0,0,0,0,16.78,0,0,0,0,0,0,0,0,0,0,0,0,0,0
0,0,0,0,0,0,0,0,0,0,0,0,116.52,0,0,0,0,0,0,23.51,0,0,0,14.45,32.67,0,0,0,0,0,0,42.18,125.68,0,0,13.90,86.51,0,0,0,12.37,0,0,17.84,72.84,0,0,0,14.58,0,0,0,0,22.59,0,0,0,0,10.89,0,0,0,0,0,0,0,0,0
0,0,0,0,0,0,0,0,0,0,0,0,111.74,0,0,0,0,0,0,10.54,0,0,0,0,36.41,0,0,0,0,0,0,23.53,84.81,0,0,0,50.31,0,0,0,11.98,0,0,18.23,52.98,0,0,0,15.12,0,0,0,0,15.75,0,0,0,0,0,0,0,0,0,0,0,0,0,0
0,0,0,0,0,0,0,0,0,0,0,0,104.63,0,0,0,0,0,0,0,0,0,0,0,25.16,0,0,0,0,85.93,0,26.44,114.23,0,17.03,37.18,29.90,0,0,0,0,20.47,0,14.03,36.55,0,0,0,10.21,0,0,0,0,0,0,0,0,0,0,0,0,0,0,0,0,0,0,0
0,0,0,0,0,0,0,0,0,0,0,0,95.18,0,0,0,0,0,0,0,0,0,0,0,19.83,0,0,0,0,120.86,0,24.44,133.21,0,11.32,24.71,44.45,0,0,0,0,54.28,0,10.11,51.73,0,0,11.24,0,0,0,0,0,0,0,0,0,0,0,0,0,0,0,0,0,0,0,0
0,0,0,0,0,0,0,0,0,0,0,0,85.80,0,0,0,0,0,0,0,0,0,0,0,16.86,0,0,0,0,62.15,0,0,85.95,0,0,23.49,40.72,0,0,0,0,41.54,0,0,48.71,0,0,0,0,0,0,0,0,0,0,0,0,0,0,0,0,0,0,0,0,0,0,0
0,0,0,0,0,0,0,0,0,0,0,0,82.61,0,0,0,0,0,0,0,0,0,0,0,0,0,0,0,0,21.61,0,0,58.00,0,0,33.57,49.86,0,0,0,0,24.41,0,0,25.71,0,0,0,0,0,0,0,0,0,0,0,0,0,0,0,0,0,0,0,0,0,0,0
0,0,0,0,0,0,0,0,0,0,0,0,82.48,0,0,0,0,0,0,0,0,0,10.30,0,19.99,11.98,0,0,0,38.96,0,34.82,44.71,0,0,18.67,53.81,0,0,0,0,16.45,0,10.54,16.47,0,0,0,0,0,0,32.60,0,0,0,0,0,0,0,0,0,0,0,0,0,0,0,0
0,0,0,0,0,0,0,0,0,0,0,0,68.35,0,0,0,0,0,0,0,0,10.78,0,0,27.47,0,0,0,0,33.49,0,32.07,30.90,0,0,10.71,31.68,0,0,0,0,0,0,0,0,0,0,0,0,0,0,35.05,0,0,0,0,0,0,0,0,0,0,0,0,0,0,0,0
0,0,0,0,0,0,0,0,0,0,0,0,42.61,0,0,0,0,0,0,0,0,0,0,0,17.44,0,0,0,0,14.53,0,23.00,19.13,0,0,17.28,23.47,0,0,0,0,0,0,0,0,0,0,0,0,0,0,29.84,0,0,0,0,0,0,0,0,0,0,0,0,0,0,0,0
0,0,0,0,0,0,0,0,0,0,0,0,29.62,0,0,0,0,0,0,0,0,0,0,0,24.16,0,0,0,0,24.61,0,16.34,0,0,0,14.33,20.35,0,0,0,0,0,0,0,0,0,0,0,0,0,0,26.84,0,0,0,0,0,0,0,0,0,0,0,0,0,0,0,0
0,0,0,0,0,0,0,0,0,0,0,0,33.58,0,0,0,0,0,0,0,0,0,0,0,29.84,0,0,0,0,23.92,0,28.05,0,0,0,0,15.88,0,0,0,0,0,0,0,0,0,0,0,0,0,0,19.82,0,0,0,0,0,0,0,0,0,0,0,0,0,0,0,0
0,0,0,0,0,0,0,0,0,0,0,0,35.47,0,0,0,0,0,0,0,0,0,0,0,22.84,0,0,0,0,0,0,26.44,0,0,0,0,29.17,0,0,0,0,0,0,0,0,0,0,0,0,0,0,0,0,0,0,0,0,0,0,0,0,0,0,0,0,0,0,0
0,0,0,0,0,0,0,0,0,0,0,0,34.01,0,0,0,0,0,0,0,0,0,0,0,12.68,0,0,0,0,0,0,0,0,0,0,0,30.25,0,0,0,0,0,0,0,0,0,0,0,0,0,0,0,0,0,0,0,0,0,0,0,0,0,0,0,0,0,0,0
0,0,0,0,0,0,0,0,0,0,0,0,33.29,0,0,0,0,0,0,0,0,0,0,0,0,0,0,0,0,0,0,0,0,0,0,0,22.84,0,0,0,0,0,0,0,0,0,0,0,0,0,0,0,0,0,0,0,0,0,0,0,0,0,0,0,0,0,0,0
0,0,0,0,0,0,0,0,0,0,0,0,31.44,0,0,0,0,0,0,0,0,0,0,0,0,0,0,25.47,0,0,11.60,65.74,11.48,0,0,10.42,58.94,12.67,0,41.84,0,0,0,10.93,0,0,0,0,0,0,77.01,0,0,0,0,0,0,0,0,0,0,0,13.38,0,0,0,0,0
0,0,0,0,0,0,0,0,0,0,0,0,31.54,0,0,0,0,0,0,0,0,0,0,0,0,0,0,43.82,0,0,21.79,91.09,0,0,0,0,70.82,0,0,66.13,0,0,0,14.37,0,0,0,0,0,0,85.63,0,0,0,0,0,0,0,0,0,0,0,13.47,0,0,0,0,0
0,0,0,0,0,0,0,0,0,0,0,0,28.85,0,0,0,0,0,0,0,0,0,0,0,0,0,0,35.41,0,0,0,32.97,0,0,0,0,43.39,0,0,43.62,0,0,0,0,0,0,0,0,0,0,43.25,12.07,0,0,0,0,0,0,0,0,0,0,0,0,0,0,0,0
0,0,0,0,0,0,0,0,0,0,0,0,24.66,0,0,0,20.48,0,0,20.36,0,18.05,0,0,15.16,0,0,25.41,0,0,0,22.69,0,0,0,0,40.11,0,0,38.30,0,0,0,0,0,16.84,0,15.15,48.81,0,19.82,0,0,0,0,0,0,0,0,0,0,0,0,0,0,0,0,0
0,0,0,0,0,0,0,0,0,0,0,0,0,18.59,0,0,0,109.07,0,0,0,22.92,13.54,0,0,0,0,28.71,0,121.15,15.04,14.03,13.36,13.88,10.24,11.75,49.15,10.62,0,26.35,0,15.72,0,0,10.49,31.95,19.51,10.66,232.81,17.07,16.30,10.00,0,0,0,0,0,0,0,0,27.47,0,0,0,0,0,0,0
0,0,0,0,0,0,0,0,0,0,0,0,12.66,0,16.18,0,0,211.59,0,0,15.48,11.88,0,0,12.67,0,0,23.10,0,123.78,0,25.48,0,10.95,0,0,24.17,0,0,12.58,0,0,0,0,0,15.82,0,15.79,247.51,17.51,11.28,45.58,0,0,0,0,0,0,0,0,21.18,0,0,0,0,0,0,0
0,0,0,0,0,0,0,0,0,0,0,0,15.54,0,0,0,0,227.82,0,0,0,0,0,0,12.06,0,12.20,21.79,0,104.41,0,12.95,0,0,0,0,12.25,0,0,0,0,0,0,0,0,0,0,10.32,233.54,12.33,0,45.17,0,0,0,0,0,0,0,0,13.26,0,0,0,0,0,0,0
0,0,0,0,0,0,0,0,0,0,0,10.46,0,0,0,0,0,219.38,0,27.19,0,15.64,0,17.62,38.78,0,0,13.76,0,71.46,13.33,16.08,25.39,131.79,21.75,10.56,49.99,0,0,0,0,12.24,0,0,0,52.62,0,0,127.33,0,0,37.95,0,0,0,0,0,0,0,0,0,0,0,0,0,0,0,0
0,0,0,0,0,0,0,0,0,0,0,0,0,13.10,0,0,0,174.65,0,0,0,0,0,0,34.35,0,0,0,0,76.96,0,0,0,177.72,21.96,0,95.95,0,0,0,0,0,0,10.42,0,63.96,0,0,60.54,0,0,28.83,0,0,0,0,0,0,0,0,0,0,0,0,0,0,0,0
0,0,0,0,0,0,0,0,0,0,0,0,0,0,0,0,0,119.03,0,0,0,0,0,13.15,32.30,0,0,0,0,62.31,0,10.19,0,50.24,0,10.02,77.41,0,0,0,0,0,0,0,0,24.79,0,0,25.29,0,0,25.13,0,0,0,0,0,0,0,0,0,0,0,0,0,0,0,0
0,0,0,0,0,0,0,0,0,0,0,0,0,0,12.48,0,0,88.24,0,22.05,0,0,0,11.38,33.22,0,15.95,24.07,0,239.61,0,34.10,0,198.99,40.59,15.28,67.30,0,16.38,29.03,20.88,60.75,0,0,14.53,90.32,0,0,29.24,0,0,37.65,10.64,0,0,0,0,23.09,0,0,0,18.99,0,15.11,0,0,0,0
15.37,0,0,10.20,0,0,0,0,0,0,12.45,0,0,0,0,0,0,75.39,0,27.40,0,0,22.98,0,34.32,0,0,0,0,339.21,33.33,13.50,0,331.03,0,17.31,41.62,0,16.42,68.02,0,147.79,0,0,0,145.74,10.14,0,41.07,0,0,62.51,16.55,14.87,0,0,0,16.15,0,0,12.43,22.68,0,21.53,0,0,0,0
0,0,0,0,0,0,0,0,0,0,0,0,0,0,0,0,0,46.26,0,0,0,0,0,0,0,0,0,0,12.62,217.97,0,21.98,0,123.52,14.19,0,42.40,0,11.29,79.27,0,106.91,0,0,0,12.07,0,0,41.68,0,0,44.48,13.33,0,0,0,0,33.26,0,0,0,0,0,13.22,0,0,0,0
0,0,0,0,0,0,0,0,0,0,0,12.69,0,0,27.65,0,0,0,87.75,0,0,39.46,0,15.71,17.31,0,0,0,14.78,91.66,63.32,0,22.81,103.04,17.53,11.07,40.57,27.66,11.09,58.91,0,54.30,14.91,0,0,16.55,23.73,13.57,24.06,28.44,251.38,30.19,14.11,0,0,0,0,33.07,0,0,0,0,34.18,0,0,0,0,0
0,0,0,0,0,0,0,0,0,0,0,0,0,10.35,0,28.88,65.48,0,269.13,0,0,0,12.34,0,19.31,0,0,0,17.74,44.46,173.95,19.25,0,85.83,12.70,0,29.10,90.08,0,31.00,0,44.23,40.63,0,0,27.59,36.12,0,29.77,28.44,407.39,25.21,11.35,0,0,0,11.38,22.81,22.03,0,0,0,28.95,0,0,0,0,0
12.49,0,0,0,0,0,0,0,0,0,0,0,0,0,0,16.39,0,0,380.02,0,0,0,0,0,23.84,0,0,0,0,55.23,215.89,12.67,0,43.92,11.01,0,16.56,102.95,0,22.22,0,17.27,39.77,0,0,46.00,16.01,0,10.03,20.98,253.87,0,61.27,0,0,0,0,13.13,19.54,0,0,0,17.71,0,0,0,0,0
0,0,0,0,0,0,0,0,0,0,0,0,0,0,0,0,21.27,0,335.80,0,0,0,0,0,24.83,0,0,0,0,52.29,232.98,10.57,10.78,21.27,15.69,20.40,25.19,84.09,19.06,25.01,10.79,0,16.56,0,10.49,25.93,0,0,0,19.49,117.13,0,51.26,0,0,0,0,0,14.00,0,0,0,0,0,0,0,0,0
0,0,0,0,0,0,0,0,0,0,0,0,0,0,0,10.65,0,0,321.55,17.38,0,10.15,0,0,11.20,0,33.58,16.63,0,52.49,221.37,0,0,20.30,0,0,244.53,50.88,96.92,22.30,0,0,0,0,0,65.00,0,0,13.39,13.35,45.08,0,45.37,0,17.20,25.55,0,12.18,12.45,0,19.76,0,0,0,0,0,0,0
0,0,0,0,0,0,0,0,0,0,0,0,0,0,0,10.06,0,0,262.10,17.47,0,0,0,0,12.25,0,27.92,0,0,47.44,205.69,0,0,0,0,0,151.59,50.66,83.35,0,0,0,0,0,0,68.34,0,0,12.68,11.44,42.97,0,39.92,0,18.02,22.15,0,12.48,11.77,0,17.26,0,0,0,0,0,0,0
0,0,0,0,0,0,0,0,0,0,0,0,0,0,0,0,0,0,186.41,0,0,0,0,0,10.31,0,44.92,0,0,30.50,199.63,0,0,0,0,14.90,137.51,36.19,32.44,0,0,0,0,0,0,24.21,0,0,12.25,0,14.09,0,32.30,0,18.28,15.23,0,12.63,0,0,0,0,0,0,0,0,0,0
0,0,0,0,0,0,0,0,0,0,0,0,0,0,10.11,0,0,0,131.54,13.74,0,0,0,13.54,15.18,0,50.11,10.55,17.97,11.87,182.60,16.72,39.29,221.74,39.42,20.88,331.16,0,182.22,24.54,14.77,17.64,15.10,22.10,42.53,489.15,37.06,14.40,19.54,0,14.18,0,12.32,0,16.39,25.08,0,82.94,10.59,0,0,13.42,0,0,23.05,0,0,0
10.94,0,0,0,0,0,0,0,0,0,0,0,0,0,0,0,0,0,103.90,0,0,0,0,0,0,0,43.88,0,13.99,28.57,178.52,22.85,29.54,246.96,24.39,25.46,224.36,31.86,242.92,15.63,0,0,11.56,16.54,21.94,589.90,27.36,12.40,24.41,10.91,18.73,0,10.59,0,11.41,21.30,0,43.96,0,0,12.23,0,0,0,24.70,0,0,0
0,0,0,0,0,0,0,0,0,0,0,0,0,0,0,0,0,0,87.27,0,0,0,0,0,0,0,44.21,0,0,22.90,159.23,14.20,0,62.96,0,19.19,178.69,15.17,145.48,13.64,0,0,11.68,12.17,21.99,247.79,0,10.03,23.89,0,0,0,11.52,0,0,12.69,0,13.31,0,0,0,0,0,0,14.88,0,0,0
0,0,0,0,0,0,0,0,0,0,0,0,0,0,0,0,0,0,67.66,0,0,0,0,0,0,0,41.86,0,0,16.76,146.41,0,0,80.00,0,11.95,168.64,23.66,109.71,15.51,0,0,0,0,14.81,210.48,13.40,0,15.15,0,11.82,0,0,0,0,0,0,15.42,0,0,0,0,0,0,0,0,0,0
0,0,0,0,0,0,0,0,0,0,0,0,0,10.92,0,33.90,28.19,0,0,99.52,0,22.13,0,17.29,0,10.64,34.38,20.75,13.43,20.66,122.09,18.17,16.30,51.65,11.22,10.45,93.80,31.16,40.98,12.25,0,0,0,10.12,30.09,146.72,362.05,14.29,14.65,0,0,0,0,0,0,0,0,13.43,21.85,0,0,0,0,0,0,0,0,0
0,0,0,0,0,0,0,0,0,0,0,13.41,0,0,0,29.36,0,0,0,193.61,0,0,27.75,0,11.41,0,24.69,0,0,0,79.74,35.44,0,10.01,10.01,0,31.98,11.03,81.94,14.28,0,0,0,18.79,16.34,140.84,387.87,12.80,0,0,0,0,0,15.41,0,0,0,0,15.88,0,0,0,0,0,0,0,0,0
11.31,0,0,0,11.24,0,0,0,12.82,0,15.52,0,15.51,0,0,23.79,0,0,0,260.13,0,0,0,0,12.16,0,18.19,16.98,0,0,40.42,27.42,0,12.52,0,0,27.22,0,101.34,0,0,0,0,16.26,0,100.07,208.24,21.28,0,0,0,0,0,13.25,0,0,0,0,14.83,0,0,0,0,0,0,0,0,0
0,0,0,0,0,0,0,0,0,0,0,0,0,13.76,0,0,0,0,0,281.52,0,0,0,0,0,0,11.55,0,0,0,23.33,14.37,0,0,0,0,25.99,0,93.95,0,0,0,0,0,0,36.38,144.73,23.45,0,0,0,0,0,13.74,0,0,0,0,0,0,0,0,0,0,0,0,0,0
0,10.14,0,0,0,0,0,0,0,0,0,0,0,18.75,0,0,0,0,0,289.65,0,0,0,0,0,16.79,19.60,0,0,0,11.46,25.66,0,10.25,63.47,0,0,0,46.95,0,0,0,0,10.40,0,41.10,112.29,13.48,0,0,0,0,0,10.80,0,0,0,0,0,0,0,0,0,0,0,0,0,0
0,0,0,0,0,0,0,0,0,0,0,0,0,0,0,0,0,0,0,249.65,0,0,0,0,0,12.89,16.22,0,0,0,0,29.45,0,11.12,75.95,0,25.52,0,30.57,0,0,0,0,0,0,54.38,74.83,16.29,0,0,0,0,0,0,0,0,0,0,0,0,0,0,0,0,0,0,0,0
0,0,0,0,0,0,0,0,0,0,0,0,0,0,0,0,0,0,0,198.30,0,0,0,0,0,0,22.75,0,0,0,0,31.75,0,0,78.51,0,18.04,0,45.26,0,0,0,0,0,0,19.44,21.93,0,0,0,0,0,0,0,0,0,0,0,0,0,0,0,0,0,0,0,0,0
0,0,0,0,0,0,0,0,0,0,0,0,0,0,0,13.78,0,0,0,159.37,0,0,0,12.35,12.36,0,27.08,0,0,18.05,0,90.74,0,0,99.01,16.07,0,0,68.35,0,0,0,0,16.57,0,0,26.86,0,0,0,0,0,0,0,0,0,0,0,0,0,0,0,0,0,0,0,0,0
0,0,0,0,0,0,0,0,0,0,0,0,0,0,0,0,0,0,0,145.50,0,0,0,0,10.27,0,27.06,0,0,0,21.17,93.40,10.29,0,110.77,0,0,0,92.75,0,0,0,0,16.61,0,0,22.08,0,0,0,0,0,0,0,0,0,0,0,0,0,0,0,0,0,0,0,0,0
0,0,0,0,0,0,0,0,0,0,0,0,0,0,0,0,0,0,0,155.63,0,0,0,0,0,0,25.26,0,0,0,0,26.75,0,0,116.01,0,0,0,57.85,0,0,0,0,0,0,0,14.47,0,0,0,0,0,0,0,0,0,0,0,0,0,0,0,0,0,0,0,0,0
0,0,0,0,0,0,0,0,0,0,11.08,0,0,0,0,0,35.09,0,0,149.84,0,0,0,19.64,0,0,28.08,0,16.57,0,0,29.22,0,0,80.81,0,0,0,33.46,0,0,12.67,13.93,88.47,11.17,0,14.83,0,0,0,0,0,0,0,0,0,0,0,0,0,0,0,0,0,0,0,0,0
0,0,0,0,0,0,0,0,0,0,0,0,13.78,0,0,0,97.51,0,0,137.44,0,26.77,16.82,0,0,11.30,24.26,0,62.41,0,0,28.21,0,0,58.24,17.72,0,0,15.45,0,18.53,11.97,15.75,201.11,10.55,0,0,15.77,0,0,0,0,0,0,0,22.13,0,0,0,0,0,0,0,0,0,0,0,0
0,0,0,0,0,0,0,0,0,0,0,0,0,11.19,0,0,82.67,0,0,79.59,0,0,0,0,0,0,12.53,0,88.62,0,0,25.83,0,0,33.29,20.87,0,0,0,0,14.30,0,17.86,113.38,24.99,0,0,12.86,0,0,0,0,0,0,0,0,0,0,0,0,0,0,0,0,0,0,0,0
0,0,0,0,0,0,0,0,0,0,0,0,0,0,0,0,65.52,0,0,42.42,0,10.05,0,0,0,0,0,0,75.71,0,0,0,0,0,18.67,19.14,0,0,0,0,11.07,0,0,75.54,12.85,0,0,0,0,0,0,0,0,0,0,0,0,0,0,0,0,0,0,0,0,0,0,0
0,0,0,0,0,0,0,0,0,0,0,0,0,0,0,0,41.50,0,0,22.01,0,0,0,0,0,11.00,0,0,67.70,0,0,11.66,0,11.64,28.88,0,0,15.13,0,0,0,0,0,34.92,12.78,0,0,0,0,0,0,0,0,0,0,0,0,0,0,0,0,0,0,0,0,0,0,0
0,0,0,0,0,0,0,0,0,0,0,0,0,0,0,0,28.59,0,0,0,0,0,0,0,0,17.94,0,0,46.18,0,0,0,0,0,43.94,13.01,0,28.58,0,0,0,0,0,11.83,23.59,0,10.02,0,0,0,0,0,0,0,0,0,0,0,0,0,0,0,0,0,0,0,0,0
0,0,0,0,0,0,0,0,0,0,0,0,0,0,0,0,14.65,0,0,0,0,0,0,0,0,19.97,0,0,32.41,0,0,0,0,0,55.12,11.02,0,13.35,0,0,0,0,0,14.60,22.26,0,11.65,0,0,0,0,0,0,0,0,0,0,0,0,0,0,0,0,0,0,0,0,0
0,0,0,0,0,0,0,0,0,0,0,0,0,0,0,0,0,0,0,0,0,0,0,0,0,20.42,0,0,22.00,0,0,0,0,0,44.00,14.22,0,17.51,0,0,0,0,0,11.33,11.25,0,0,0,0,0,0,0,0,0,0,0,0,0,0,0,0,0,0,0,0,0,0,0
0,0,0,0,0,0,0,0,0,0,0,0,0,0,0,0,0,0,0,0,0,0,0,0,0,22.56,0,0,21.45,0,25.11,93.98,0,0,38.81,20.80,0,79.24,0,0,0,0,0,17.68,0,0,0,0,0,0,0,0,0,0,0,0,0,0,0,0,0,0,0,0,0,0,0,0
0,0,0,0,0,0,0,0,0,0,0,0,0,0,0,0,0,0,0,0,0,0,0,0,0,16.37,0,0,16.03,10.47,0,96.34,10.90,0,61.11,12.36,0,104.96,0,0,0,0,0,23.68,0,0,0,0,0,0,0,0,0,0,0,0,0,0,0,0,0,0,0,0,0,0,0,0
0,0,0,0,0,0,0,0,0,0,0,0,0,0,0,0,0,0,0,0,0,0,0,0,0,17.48,0,0,11.60,0,0,20.98,0,0,82.02,0,0,45.21,0,0,0,0,0,13.14,0,0,10.91,0,0,0,0,0,0,0,0,0,0,0,0,0,0,0,0,0,0,0,0,0
0,0,0,0,0,0,0,0,0,0,0,0,0,0,0,0,0,0,0,0,0,0,0,0,0,16.39,0,0,0,0,0,19.85,0,0,58.70,0,0,35.64,0,0,0,0,0,14.25,0,0,12.79,0,0,0,0,0,0,0,0,0,0,0,0,0,0,0,0,0,0,0,0,0
0,0,0,0,0,0,0,0,0,0,0,0,0,0,0,0,0,0,0,0,0,0,0,0,0,15.25,0,0,0,0,0,0,0,0,37.70,0,0,27.54,0,0,0,0,0,10.14,0,0,0,0,0,0,0,0,0,0,0,0,0,0,0,0,0,0,0,0,0,0,0,0
0,0,0,0,0,0,0,0,0,0,0,0,12.83,0,0,0,82.27,0,0,24.35,0,21.77,0,0,0,17.12,0,18.52,0,79.42,0,11.66,0,11.30,14.59,15.88,27.32,13.84,12.25,0,0,45.47,20.48,15.27,0,20.80,0,0,0,0,0,19.51,0,44.41,0,0,0,0,0,0,13.56,0,0,0,0,0,0,0
0,0,13.15,0,0,0,0,0,0,0,0,0,17.29,0,0,0,45.82,185.53,0,40.00,0,23.87,0,0,0,14.63,0,19.31,0,130.83,24.97,0,0,11.76,0,0,27.41,12.01,0,0,13.60,131.51,10.67,0,0,21.66,0,0,0,0,0,45.66,0,46.54,0,0,0,0,0,0,18.22,0,0,0,0,0,0,0
0,0,0,0,0,0,0,0,0,11.34,0,13.70,0,0,0,0,0,227.22,0,0,0,0,0,0,0,0,0,12.39,0,97.44,0,10.27,0,10.68,0,0,16.22,0,0,0,13.64,98.48,0,0,0,0,0,0,11.91,0,0,45.98,0,17.22,0,0,0,0,0,0,12.31,0,0,0,0,0,0,0
0,0,13.55,0,0,0,0,0,0,0,0,0,0,0,23.77,0,0,222.39,0,0,0,18.46,0,0,0,11.78,10.30,14.34,0,103.14,0,0,0,0,0,0,13.50,0,0,0,0,11.58,0,0,0,0,0,0,0,0,0,38.12,0,0,0,0,0,0,0,0,11.02,0,0,0,0,0,0,0
0,0,0,0,0,0,0,0,0,0,0,0,0,11.70,0,0,0,194.38,0,0,0,0,0,0,0,0,0,0,0,90.33,0,0,0,0,0,0,15.13,0,0,0,0,38.98,0,0,0,0,0,0,0,0,0,31.68,0,10.70,0,0,0,0,0,0,11.14,0,0,0,0,0,0,0
0,0,0,0,0,0,0,0,0,0,11.34,0,0,22.95,0,0,0,145.32,0,0,0,20.37,0,0,22.25,0,11.59,0,10.48,66.90,0,11.17,0,12.84,63.56,15.39,39.35,0,0,10.11,0,25.72,0,10.24,0,0,14.65,0,0,0,0,27.65,0,10.76,12.69,0,12.81,150.38,10.01,12.24,0,0,0,0,0,0,0,0
0,0,0,0,0,0,0,0,0,0,0,11.11,0,14.31,0,0,0,115.13,0,0,18.90,0,0,11.95,33.39,0,0,0,13.20,50.44,0,12.88,0,13.69,103.73,0,77.00,0,0,0,0,31.33,0,0,0,0,19.90,0,0,0,0,22.84,0,0,0,0,0,229.95,10.10,0,0,0,0,0,0,0,0,0
0,0,0,0,0,0,0,0,0,0,0,0,10.72,0,13.99,0,0,74.41,0,0,12.35,0,0,0,22.07,0,0,0,0,55.38,0,0,0,0,121.48,0,85.22,0,0,0,0,26.20,0,0,0,0,25.59,0,18.82,0,0,16.79,0,0,0,0,0,17.63,0,0,0,0,0,0,0,0,0,0
10.55,0,0,0,0,0,0,0,0,0,0,0,0,0,0,0,0,55.25,0,0,0,0,0,0,22.29,0,0,0,0,47.94,0,0,0,0,90.16,0,68.19,0,0,0,0,23.95,0,0,0,0,22.28,0,20.86,0,0,11.56,0,0,0,0,0,0,0,0,0,0,0,0,0,0,0,0
0,0,0,0,0,0,0,0,0,0,0,0,0,0,0,0,0,50.53,0,0,0,0,0,0,22.41,0,0,0,0,40.88,0,0,0,0,72.23,0,51.49,0,0,0,0,22.34,0,0,0,0,10.08,0,17.64,0,0,0,0,0,0,0,0,14.72,0,0,10.32,0,0,0,0,0,0,0
0,0,0,0,0,0,0,0,0,0,0,0,0,0,0,0,0,55.56,0,0,0,0,0,0,31.52,0,0,0,0,58.07,0,0,0,0,41.97,16.71,38.77,0,0,10.03,0,28.84,0,10.30,0,0,11.05,0,10.11,0,0,0,0,0,14.39,20.99,11.03,23.36,0,0,0,0,0,0,0,0,0,0
0,0,0,0,0,0,0,0,0,0,0,0,0,0,0,0,0,58.96,0,0,0,0,0,0,26.33,0,0,0,13.44,92.11,0,0,0,11.50,74.75,0,30.24,0,0,21.02,0,56.04,0,0,0,0,18.84,0,10.81,0,0,19.03,0,0,0,14.73,0,10.63,0,0,0,0,0,0,0,0,0,0
0,0,0,0,0,0,0,0,0,0,0,0,0,0,0,0,0,45.66,0,0,0,0,0,0,16.66,0,0,0,0,47.11,0,0,0,0,96.71,0,34.48,0,0,28.84,0,46.43,0,0,0,0,20.55,0,0,0,0,14.42,0,0,0,40.64,0,0,0,0,0,0,0,0,0,0,0,0
0,0,0,0,0,0,0,0,0,0,0,0,0,0,0,0,0,46.77,0,0,10.42,0,0,0,14.40,0,0,0,0,28.94,0,0,0,0,79.12,0,29.17,0,0,17.26,0,29.55,0,0,0,0,17.67,0,0,0,0,11.56,20.78,42.16,14.10,10.33,0,0,0,0,0,0,0,0,0,0,0,0
0,0,0,0,0,0,0,10.04,0,0,0,0,12.51,0,0,28.60,0,88.86,0,0,0,17.09,0,0,142.97,0,20.37,0,22.64,55.74,0,0,0,65.68,61.97,0,52.97,0,0,28.83,0,27.40,0,18.93,10.03,0,14.33,0,0,0,12.63,12.50,18.42,27.71,12.25,10.19,0,0,0,0,0,0,0,0,0,12.35,0,0
0,0,12.04,0,0,0,0,14.33,0,0,0,0,16.72,0,0,21.24,0,99.20,0,30.99,0,0,20.41,0,109.08,0,0,0,13.98,70.06,14.56,11.09,0,19.70,27.30,10.57,54.49,0,0,39.91,0,20.05,0,26.54,0,10.64,10.79,13.94,11.88,10.60,12.08,63.89,10.62,147.74,0,0,0,0,0,0,0,0,0,27.90,0,0,0,0
0,0,10.52,0,0,0,0,13.70,0,0,0,11.07,0,0,19.12,0,0,80.57,0,0,12.96,10.53,0,13.54,57.95,20.30,0,12.89,14.19,36.20,12.08,0,41.40,46.06,0,0,49.52,0,0,43.57,0,16.18,0,31.89,12.48,19.70,0,19.71,0,20.64,73.27,120.25,13.06,76.00,10.29,0,0,0,0,0,0,0,10.93,41.86,0,0,0,0
0,0,0,0,0,0,0,13.38,0,0,0,0,0,0,10.52,0,0,59.25,0,0,23.87,0,0,18.65,74.30,0,0,0,0,29.39,11.55,11.94,0,227.52,39.01,23.49,51.39,30.42,0,42.50,0,16.15,0,26.81,12.73,63.00,18.53,0,19.41,10.28,347.99,80.69,0,26.74,0,11.10,0,11.33,14.47,0,0,0,35.13,12.73,0,0,0,0
0,0,0,0,0,0,0,10.52,0,0,0,0,0,0,14.35,0,0,39.08,0,21.60,19.18,0,0,21.67,76.10,10.82,0,0,0,30.07,0,0,22.01,183.30,26.31,0,97.64,10.96,0,36.62,0,0,0,10.57,0,13.89,10.64,0,20.74,23.06,22.45,16.03,14.27,15.71,0,0,0,11.53,18.77,0,0,0,17.73,15.79,0,0,0,15.72
0,0,0,0,0,0,0,11.73,0,0,0,0,0,0,0,11.29,0,54.30,0,21.06,0,10.93,0,0,74.50,0,0,14.75,0,82.85,0,18.06,0,57.44,18.07,12.66,89.38,12.05,16.53,35.69,0,36.07,38.67,167.79,37.98,20.29,16.30,10.18,21.40,0,10.47,73.35,0,22.35,0,29.13,0,10.73,18.27,0,0,0,16.84,77.55,0,0,12.96,11.55
0,0,0,0,0,0,0,0,0,0,0,0,0,0,0,13.71,0,62.38,0,28.40,10.16,0,0,10.69,29.81,0,11.31,0,0,221.84,0,21.96,0,73.78,0,14.59,78.79,0,12.65,46.89,16.59,40.94,44.59,397.73,0,19.32,11.68,14.07,0,0,57.76,90.59,0,24.71,0,46.08,0,24.28,15.93,0,0,0,24.52,21.84,0,0,28.43,0
0,0,0,0,0,0,0,0,0,0,12.04,0,0,0,0,0,0,39.90,0,20.92,0,0,0,17.32,19.35,14.51,0,0,0,148.28,0,19.86,12.80,41.99,18.58,11.45,91.14,10.20,10.51,86.72,0,93.76,44.34,222.74,43.47,501.66,34.99,23.53,24.78,10.15,21.29,61.93,0,17.18,0,33.71,0,99.55,0,0,0,0,21.22,13.22,33.07,0,19.77,0
0,0,0,0,0,0,0,0,0,0,0,0,0,0,0,0,0,25.06,0,14.50,0,0,0,0,0,0,0,0,0,38.88,0,0,0,32.95,13.51,11.24,79.10,0,0,60.71,0,70.03,26.42,166.06,0,578.06,0,11.80,21.41,0,10.68,38.14,0,16.18,0,24.11,0,41.63,12.22,0,0,0,12.31,0,36.51,0,13.22,0
0,0,10.03,0,0,0,0,0,12.46,0,70.22,0,0,12.74,0,18.88,22.01,0,0,23.69,0,31.45,21.32,0,25.95,0,10.69,0,0,39.90,11.15,13.10,0,38.30,41.50,12.49,70.22,13.43,61.32,32.03,0,14.56,14.30,153.33,58.05,241.76,473.79,0,24.67,0,10.03,18.23,22.12,16.73,0,16.85,13.96,15.01,45.34,0,0,0,0,0,18.02,0,0,0
10.88,0,16.12,0,0,0,14.81,0,0,0,0,99.08,0,0,0,0,13.55,25.84,0,20.36,0,11.71,20.78,0,32.13,0,0,0,0,57.21,0,0,0,15.42,44.26,0,58.63,0,68.70,10.60,0,46.20,11.31,53.05,13.18,239.47,460.96,12.42,14.94,0,11.81,12.91,17.92,11.86,0,0,20.97,14.43,27.04,0,0,0,0,0,0,0,0,0
0,0,0,0,0,0,0,0,0,0,97.70,0,0,0,0,0,0,24.55,0,12.92,0,0,20.21,0,45.61,0,15.34,14.87,0,54.41,0,10.31,0,11.76,44.25,0,10.03,0,51.23,10.68,0,35.17,0,34.26,15.26,120.86,312.48,11.15,11.10,0,12.55,0,14.12,0,0,0,13.92,0,27.59,0,0,0,0,0,0,0,0,0
0,0,0,0,0,0,0,0,0,0,91.94,0,0,0,0,14.88,19.82,0,0,10.86,0,0,12.94,0,24.24,0,0,0,0,34.78,0,0,0,12.31,43.62,0,14.72,0,41.33,10.33,0,27.79,0,28.19,36.24,64.36,219.38,0,0,0,10.77,0,10.88,0,0,0,0,0,10.50,0,0,0,0,0,0,0,0,0
0,0,0,0,0,0,0,0,0,0,89.66,0,0,0,0,0,0,0,0,0,0,0,16.11,0,0,10.09,11.39,0,0,45.61,0,0,0,0,32.20,10.24,0,0,43.10,12.76,0,23.22,0,35.65,30.38,13.46,120.51,0,0,0,0,0,0,0,0,0,0,0,0,0,0,0,0,0,0,0,0,0
0,0,0,0,0,0,0,0,0,0,84.38,0,0,0,0,0,0,0,0,0,0,0,16.48,0,10.82,0,0,0,0,28.18,0,0,0,0,51.37,0,0,0,40.13,0,0,11.15,0,19.99,22.67,50.44,73.21,0,0,0,0,0,0,0,0,0,0,0,0,0,0,0,0,0,0,0,0,0
0,0,0,0,0,0,0,0,0,0,73.06,0,0,0,0,0,0,0,0,0,0,0,18.70,0,0,0,13.07,0,0,0,0,0,0,0,88.16,0,0,0,29.78,0,0,0,0,12.65,13.44,48.62,47.91,0,0,0,0,0,0,0,0,0,0,0,0,0,0,0,0,0,0,0,0,0
0,0,0,0,0,0,0,0,0,0,65.30,0,0,0,0,0,0,0,0,0,0,0,21.13,0,0,0,18.77,0,0,10.62,0,0,0,0,91.34,0,0,0,12.74,0,0,0,0,0,0,19.06,35.90,0,0,0,0,0,0,0,0,0,0,0,0,0,0,0,0,0,0,0,0,0
0,0,0,0,0,0,0,0,0,0,57.86,0,0,0,0,0,0,0,0,0,0,0,22.82,0,0,0,22.76,0,0,54.98,0,0,0,0,81.69,0,0,0,40.32,0,0,20.23,0,0,0,0,18.66,0,0,0,0,0,0,0,0,0,0,0,0,0,0,0,0,0,0,0,0,0
0,0,0,0,0,0,0,0,0,0,53.76,0,0,0,0,0,0,0,0,0,0,0,22.07,0,0,0,19.13,0,0,57.14,0,0,0,0,58.30,0,0,0,61.01,0,0,26.47,0,0,0,0,12.46,0,0,0,0,0,0,0,0,0,0,0,0,0,0,0,0,0,0,0,0,0
0,0,0,0,0,0,0,0,0,0,49.38,0,0,0,0,0,0,0,0,0,0,0,15.94,0,0,0,16.28,0,11.26,14.73,0,0,0,0,31.45,0,0,0,42.44,0,0,16.59,0,0,0,0,0,0,0,0,0,0,0,0,0,0,0,0,0,0,0,0,0,0,0,0,0,0
0,0,0,0,0,0,0,0,0,0,44.01,0,0,0,0,0,0,0,0,0,0,0,39.89,0,0,0,19.90,0,0,0,0,0,0,11.43,35.36,0,0,0,25.19,0,0,0,0,0,0,0,0,0,0,0,0,0,0,0,0,0,0,0,0,0,0,0,0,0,0,0,0,0
0,0,0,0,0,0,0,0,0,0,39.94,0,0,0,0,0,0,0,0,0,0,0,67.84,0,0,0,16.82,0,0,15.72,0,0,0,0,65.27,0,0,0,19.74,0,0,0,0,0,0,0,12.42,0,0,0,0,0,0,0,0,0,0,0,0,0,0,0,0,0,0,0,0,0
0,0,0,0,0,0,0,0,0,0,35.49,0,0,0,0,0,0,0,0,0,0,0,55.07,0,0,0,14.60,0,0,22.41,0,0,0,0,63.34,0,0,0,0,0,0,0,0,0,0,0,0,0,0,0,0,0,0,0,0,0,0,0,0,0,0,0,0,0,0,0,0,0
0,0,0,0,0,0,0,0,0,0,32.28,0,0,0,0,0,0,0,0,0,0,0,55.38,0,0,0,13.27,0,0,23.77,0,0,0,0,37.46,0,0,0,0,0,0,0,0,0,0,0,10.33,0,0,0,0,0,0,0,0,0,0,0,0,0,0,0,0,0,0,0,0,0
0,0,0,0,0,0,0,0,0,0,30.04,0,0,0,0,0,0,0,0,0,0,0,46.85,0,0,0,10.65,0,0,14.22,0,0,0,0,20.04,0,0,0,0,0,0,0,0,0,0,0,10.55,0,0,0,0,0,0,0,0,0,0,0,0,0,0,0,0,0,0,0,0,0
0,0,0,0,0,0,0,0,0,0,27.72,0,0,0,0,0,0,0,0,0,0,0,38.18,0,0,0,0,0,0,0,0,0,0,0,10.87,0,0,0,17.61,0,0,0,0,0,0,0,10.05,0,0,0,0,0,0,0,0,0,0,0,0,0,0,0,0,0,0,0,0,0
0,0,0,0,0,0,0,0,0,0,24.55,0,0,0,0,0,0,0,0,0,0,0,28.87,0,0,0,0,0,0,0,0,0,0,0,12.97,0,0,0,0,0,0,0,0,0,0,0,0,0,0,0,0,0,0,0,0,0,0,0,0,0,0,0,0,0,0,0,0,0
0,0,0,0,0,0,0,0,0,0,24.06,0,0,0,0,0,0,0,0,0,0,0,19.25,0,0,0,0,0,0,0,0,0,0,0,0,0,0,0,11.83,0,0,0,0,0,0,0,0,0,0,0,0,0,0,0,0,0,0,0,0,0,0,0,0,0,0,0,0,0
0,0,0,0,0,0,0,0,0,0,22.31,0,0,0,0,0,0,0,0,0,0,0,12.52,0,0,0,0,0,0,0,0,0,0,0,13.09,0,0,0,10.26,0,0,0,0,0,0,0,0,0,0,0,0,0,0,0,0,0,0,0,0,0,0,0,0,0,0,0,0,0
